{
    "nn_config":
    {
        "output_format" : "detection",
        "NN_family" : "YOLO",
        "input_size": "416x416",
        "NN_specific_metadata" :
        {
            "classes" : 1,
            "coordinates" : 4,
            "anchors" : [10,14, 23,27, 37,58, 81,82, 135,169, 344,319],
            "anchor_masks" :
            {
                "side32" : [0,1,2],
                "side16" : [3,4,5]
            },
            "iou_threshold" : 0.5,
            "confidence_threshold" : 0.5
        }
    },
    "mappings":
    {
        "labels":
        [
            "person",
            "bicycle",
            "car",
            "motorbike",
            "aeroplane",
            "bus",
            "train",
            "truck",
            "boat",
            "traffic light",
            "fire hydrant",
            "stop sign",
            "parking meter",
            "bench",
            "bird",
            "cat",
            "dog",
            "horse",
            "sheep",
            "cow",
            "elephant",
            "bear",
            "zebra",
            "giraffe",
            "backpack",
            "umbrella",
            "handbag",
            "tie",
            "suitcase",
            "frisbee",
            "skis",
            "snowboard",
            "sports ball",
            "kite",
            "baseball bat",
            "baseball glove",
            "skateboard",
            "surfboard",
            "tennis racket",
            "bottle",
            "wine glass",
            "cup",
            "fork",
            "knife",
            "spoon",
            "bowl",
            "banana",
            "apple",
            "sandwich",
            "orange",
            "broccoli",
            "carrot",
            "hot dog",
            "pizza",
            "donut",
            "cake",
            "chair",
            "sofa",
            "pottedplant",
            "bed",
            "diningtable",
            "toilet",
            "tvmonitor",
            "laptop",
            "mouse",
            "remote",
            "keyboard",
            "cell phone",
            "microwave",
            "oven",
            "toaster",
            "sink",
            "refrigerator",
            "book",
            "clock",
            "vase",
            "scissors",
            "teddy bear",
            "hair drier",
            "toothbrush"
        ]
    }
}
